original_code,original_name,translated_name,HCAT3_name,HCAT3_code
0,PRODUCTO DESCONOCIDO,UNKNOWN PRODUCT,not_known_and_other,3399000000
1,TRIGO BLANDO,SOFT WHEAT,common_soft_wheat,3301010100
2,ESPELTA,SPELT,spelt,3301011000
3,TRIGO DURO,Durum,durum_hard_wheat,3301010200
4,MAÍZ,Corn,grain_maize_corn_popcorn,3301010600
5,CEBADA,BARLEY,barley,3301010400
6,CENTENO,RYE,rye,3301010300
7,SORGO,SORGHUM,millet_sorghum,3301010900
8,AVENA,OAT,oats,3301010500
9,ALFORFÓN,BUCKWHEAT,buckwheat,3301150200
10,MIJO,Millet,millet_sorghum,3301010900
11,ALPISTE,Canary Grass,canary_seed_canaryseed,3301011400
12,TRANQUILLÓN,Meslin,meslin,3301011100
13,TRITICALE,TRITICALE,triticale,3301010800
14,TRITORDEUM,TRITORDEUM,other_cereals,3301019900
19,TEFF,Teff,teff,3301010904
20,BARBECHO TRADICIONAL,TRADITIONAL FALLOW,fallow_land_not_crop,3301110000
21,BARBECHO MEDIOAMBIENTAL ABANDONO 5 AÑOS,ENVIRONMENTAL FALLOW ABANDONMENT 5 YEARS,fallow_land_not_crop,3301110000
23,BARBECHO MEDIOAMBIENTAL,ENVIRONMENTAL FALLOW,fallow_land_not_crop,3301110000
24,BARBECHO SIN PRODUCCIÓN,FALLOW WITHOUT PRODUCTION,fallow_land_not_crop,3301110000
25,ABANDONO 20 años,ABANDONMENT 20 years,unmaintained,3308000000
28,RETIRADA FORESTACIÓN,Deforestation ,not_known_and_other,3399000000
33,GIRASOL,SUNFLOWER,sunflower,3301060500
34,SOJA,SOY,soy_soybeans,3301160000
35,COLZA,RAPE,rapeseed_rape,3301060400
36,CAMELINA,CAMELINA,camelina,3301061500
40,GUISANTE,PEA,peas,3301020600
41,HABA,Broad Bean,beans,3301020100
43,ALTRAMUZ BLANCO,WHITE LUPINE,sweet_lupins,3301020700
49,ALUBIA,BEAN,beans,3301020100
50,GARBANZO,CHICKPEA,chickpeas,3301020200
51,LENTEJA,LENTIL,lentils,3301020500
52,VEZA,Vetches,vetches,3301090305
53,YEROS,Vetches,vetches,3301090305
60,ALFALFA,ALFALFA,alfalfa_lucerne,3301090301
61,ALHOLVA,Fenugreek/lucerne,fenugreek,3301020400
62,PASTOS PERMANENTES DE 5 O MÁS AÑOS,PERMANENT PASTURES OF 5 OR MORE YEARS,pasture_meadow_grassland_grass,3302000000
63,PASTOS DE MENOS DE 5 AÑOS,PASTURES LESS THAN 5 YEARS OLD,pasture_meadow_grassland_grass,3302000000
64,PASTIZAL DE 5 O MÁS AÑOS,GRASSLAND 5 OR MORE YEARS,pasture_meadow_grassland_grass,3302000000
65,PASTO ARBUSTIVO DE 5 O MÁS AÑOS,SHRUBS GRASS 5 OR MORE YEARS,pasture_meadow_grassland_grass,3302000000
66,PASTO ARBOLADO DE 5 O MÁS AÑOS,WOODY GRASS 5 OR MORE YEARS OLD,pasture_meadow_grassland_grass,3302000000
67,ESPARCETA,sainfoin,onobrychis_sainfoins,3301061600
68,FESTUCA,Fescue,festuca_fescue,3301090202
69,RAYGRASS PERENNE,PERENNIAL RYEGRASS,lolium_ryegrass,3301090205
70,AGROSTIS,Bent grass,poaceae_grasses,3301090200
71,ARRHENATHERUM,Oat grass,poaceae_grasses,3301090200
72,DACTILO,Cat grass,cocksfoot_catgrass,3301090203
73,FLEO,Timothy,timothy,3301090209
74,POA,Poa grass,poaceae_grasses,3301090200
76,ZULLA,Sulla coronaria,legumes_harvested_green,3301090300
77,TRÉBOL,CLOVER,clover,3301090303
78,RAYGRASS ANUAL ,Ryegrass annual,lolium_ryegrass,3301090205
80,ARROZ,RICE,rice,3301010700
81,ALGODÓN,COTTON,cotton,3301060300
82,REMOLACHA,Beetroot,beetroot_beets,3301290200
83,TABACO,TOBACCO,tobacco,3301060100
84,LÚPULO,HOP,hops,3301060200
85,LINO,LINEN,flax_linen,3301060701
86,CÁÑAMO,HEMP,hemp_cannabis,3301061000
87,CACAHUETE,PEANUT,legumes_dried_pulses_protein_crops,3301020000
88,CÁRTAMO,safflower,safflower,3301083900
89,CHUFA,CHUFA,nuts,3303030000
90,REGALIZ,Licorice,other_aromatic_medicinal_culinary_plants_spices_herbs,3301061299
91,FLORES,FLOWERS,flowers_ornamental_plants,3301080000
92,ROMANESCU,Romanesco,other_brassica_oleracea_cabbage,3301210299
93,LINO NO TEXTIL,NON-TEXTILE LINEN,flax_linen,3301060701
96,ESPECIES AROMÁTICAS HERBÁCEAS,HERBACEOUS AROMATIC SPECIES,aromatic_medicinal_culinary_plants_spices_herbs,3301061200
97,SETAS,MUSHROOMS,mushrooms_energy_genetically_modified_crops,3304000000
98,PIMIENTO PARA PIMENTÓN,PAPRIKA BELL PEPPER,bell_pepper_paprika,3301300100
99,PATATA,POTATO,potatoes,3301030000
101,OLIVO,OLIVE,olive_plantations,3303050000
102,VIÑA,VINEYARD,vineyards_wine_vine_rebland_grapes,3303060000
103,UVA DE MESA,TABLE GRAPES,vineyards_wine_vine_rebland_grapes,3303060000
104,ALMENDRO,ALMOND,almond,3303030100
105,MELOCOTONERO,PEACH TREE,peach,3303011100
106,NECTARINO,NECTARINE,nectarine,3303010900
107,ALBARICOQUERO,APRICOT,apricots,3303010300
108,PERAL,PEAR TREE,pears,3303011200
109,MANZANO,APPLE TREE,apples,3303010200
110,CEREZO,CHERRY,cherry_cherries,3303010400
111,CIRUELO,PLUM TREE,plums,3303011300
112,NOGAL,WALNUT,walnuts,3303030600
113,OTROS FRUTALES,OTHER FRUIT TREES,unspecified_orchards_fruits,3303019800
114,SUPERFICIES FORESTALES MADERABLES,TIMBER FOREST AREAS,tree_wood_forest,3306000000
115,OTRAS SUPERFICIES FORESTALES,OTHER FOREST AREAS,tree_wood_forest,3306000000
116,CHOPO,Populus,populus,3306070000
117,CASTAÑO,CHESTNUT,sweet_chestnuts,3303030500
118,ESPECIES AROMÁTICAS LEÑOSAS,"Woody Aromatic Plants (rosemary, lavender, etc)",aromatic_medicinal_culinary_plants_spices_herbs,3301061200
119,VIVERO - PRODUCTOR MVR,Nursery,nurseries_nursery,3303070000
120,VIÑA - OLIVAR,VINEYARD - OLIVE GROVE,vineyards_wine_vine_rebland_grapes,3303060000
121,BONIATO,SWEET POTATO,sweet_potatoes,3301040000
122,ALGARROBO,CAROB TREE,carob,3303110100
123,AVELLANO,HAZEL,hazelnuts_hazel,3303030200
124,PISTACHO,PISTACHIO,pistachio,3303030400
125,FRUTOS DE CÁSCARA,NUTS,nuts,3303030000
138,ADORMIDERA,POPPY,poppy,3301060600
139,HIERBA CINTA ,Reed Canary Grass,poaceae_grasses,3301090200
140,ABACA ALIAS MANILA ,Manila Hemp,fibre_crops,3301061100
141,KENAF ,Deccan Hemp,fibre_crops,3301061100
142,YUTE ,Jute,fibre_crops,3301061100
143,SISAL,SISAL,fibre_crops,3301061100
144,PINOS PIÑONEROS,Pinyon Pine,nuts,3303030000
145,RESTO DE PINOS (NO PIÑONEROS),Other Pine trees excluding Pinenuts,other_tree_wood_forest,3306990000
146,ARBOLES DE NAVIDAD,CHRISTMAS TREES,other_tree_wood_forest,3306990000
147,ENCINA,HOLM OAK,oak,3306060000
148,BELLOTA,ACORN,oak,3306060000
149,ZARZAMORA,blackberry,blackberry,3303020200
150,Otras utilizaciones no agrarias ni forestales,Other non-agricultural or forestry uses,not_known_and_other,3399000000
151,PUERRO,LEEK,leek,3301220300
152,PIMIENTO,Pepper (Bell pepper),bell_pepper_paprika,3301300100
153,MELÓN,Melon,melon,3301140300
154,BRÓCOLI,BROCCOLI,broccoli,3301210202
155,LECHUGA,Lettuce,salads_lettuce_leaf_vegetables,3301310000
156,SANDÍA,WATERMELON,watermelon,3301140500
157,CEBOLLA,ONION,onions,3301220400
158,APIO,CELERY,celery,3301250000
159,COLIRRÁBANO,kohlrabi,kohlrabi,3301210209
160,COLIFLOR,CAULIFLOWER,cauliflower,3301210204
162,BERENJENA,EGGPLANT,aubergine_eggplant,3301260000
163,CALABACÍN,Zucchini,zucchini_courgette,3301140600
164,ALCACHOFA,ARTICHOKE,artichoke,3301270000
165,PEPINO,CUCUMBER,cucumber_pickle,3301140100
166,ACELGA,CHARD,chard,3301310100
167,CEBOLLETA,SPRING ONION,scallion,3301220500
168,CHALOTA,SHALLOT,shallot,3301220600
169,AJO,GARLIC,garlic,3301220200
170,COL,Cabbage,brassica_oleracea_cabbage,3301210200
171,CHIRIVÍA,PARSNIP,parsnips,3301290500
172,REPOLLO,CABBAGE,brassica_oleracea_cabbage,3301210200
173,COL ROJA O LOMBARDA,RED OR LOMBARD CABBAGE,red_cabbage,3301210210
174,COL MILÁN O SAVOY,Savoy Cabbage,savoy_cabbage,3301210211
175,BERZA,Collard,collard_greens,3301210206
176,COL DE BRUSELAS,BRUSSELS SPROUTS,brussels_sprouts,3301210203
177,ENDIVIA,Cichorium Endivia,other_salads_lettuce_leaf_vegetables,3301319900
178,ZANAHORIA,CARROT,carrots_daucus,3301290300
179,NABO,TURNIP,turnips,3301290800
180,JUDÍA,BEAN,beans,3301020100
181,ACHICORIA,CHICORY,chicory_chicories,3301310200
182,GUINDILLA,CHILLI,chili_pepper,3301300200
183,ESPINACA,SPINACH,spinach,3301310800
184,CARDO,THISTLE,marian_thistles,3301061300
185,CALABAZA,Winter Squash,pumpkin_squash_gourd,3301140400
186,CALABAZA DEL PEREGRINO,Bottle Gourd ,pumpkin_squash_gourd,3301140400
187,BORRAJA,BORAGE,borage,3301061209
188,PEPINILLOS,Pickles,cucumber_pickle,3301140100
189,ESCAROLA,ENDIVE,endive,3301310300
190,RÁBANO,RADISH,radish,3301290600
191,BERRO DE AGUA,WATERCRESS,cress,3301210300
192,FRAMBUESA,RASPBERRY,raspberry_raspberries,3303021000
193,HUERTA,VEGETABLE GARDEN,kitchen_gardens,3301120000
194,CHAMPIÑÓN,MUSHROOM,other_mushrooms_energy_crops_genetically_modified_crops,3304990000
197,TOMATE,TOMATO,tomato,3301280000
198,TOMATE PARA TRANSFORMACIÓN,TOMATO FOR TRANSFORMATION,tomato,3301280000
199,PINOS,PINE TREES,other_tree_wood_forest,3306990000
200,PAULONIA,Paulownia ,other_tree_wood_forest,3306990000
201,PLATERINA,Peach,peach,3303011100
202,PARAGUAYO,Flat Peach,peach,3303011100
203,ENDRINO o ARAÑÓN,blackthorn,other_permanent_crops_plantations,3303990000
204,CLEMENTINA,CLEMENTINE,citrus_plantations,3303040000
205,SATSUMA,SATSUMA,citrus_plantations,3303040000
206,NARANJO,ORANGE TREE,citrus_plantations,3303040000
207,LIMONERO,LEMON TREE,citrus_plantations,3303040000
208,POMELO,GRAPEFRUIT,citrus_plantations,3303040000
209,MANDARINO,MANDARIN,citrus_plantations,3303040000
210,MANDARINO HÍBRIDO,HYBRID MANDARIN,citrus_plantations,3303040000
211,MEMBRILLO,QUINCE,quinces,3303011500
212,KIWI,KIWI,kiwi,3303010700
213,CAQUI o PALOSANTO,PERSIMMON ,other_permanent_crops_plantations,3303990000
214,NÍSPERO,Loquat,medlar_loquat,3303010800
215,GROSELLERO,GOOSEBERRY,gooseberry_gooseberries_cranberries,3303020700
216,ARÁNDANO,BLUEBERRY,blueberry,3303020400
217,GRANADO,POMEGRANATE,pomegranate,3303011400
218,HIGUERA,FIG TREE,fig,3303010600
219,FRESA,STRAWBERRY,strawberries,3301130000
220,CAÑA DE AZÚCAR,SUGAR CANE,energy_crops,3304010000
221,UVA PASA,Raisin,vineyards_wine_vine_rebland_grapes,3303060000
222,QUINOA,QUINOA,quinoa,3301150300
223,MISCANTHUS,MISCANTHUS,miscanthus_silvergrass,3301083000
224,HUAXYACAC,Leucaena leucocephala ,other_tree_wood_forest,3306990000
225,EUCALIPTO,EUCALYPTUS,eucalyptus,3306050000
226,OPUNTIA,Prickly Pear,not_known_and_other,3399000000
227,SAUCE,WILLOW,willows_osiers,3306080000
228,ACACIA,Acacia,other_tree_wood_forest,3306990000
229,AILANTO,Ailanthus tree,other_tree_wood_forest,3306990000
230,ROBINIA,ROBINIA,other_tree_wood_forest,3306990000
231,ACACIA DE TRES ESPINAS,Honey Locust,other_tree_wood_forest,3306990000
232,JACARANDA,JACARANDA,other_flowers_ornamental_plants,3301089900
233,FITOLACA,American pokeweed,shrubberries_shrubs,3303080000
234,CASTAÑO (FORESTAL),CHESTNUT (FOREST),sweet_chestnuts,3303030500
235,JATROPHA,JATROPHA,energy_crops,3304010000
236,CAÑA COMÚN ,Arundo donax,poaceae_grasses,3301090200
237,SUPERFICIES FORESTALES DE ROTACIÓN CORTA,SHORT ROTATION FOREST AREAS,tree_wood_forest,3306000000
238,ALTRAMUZ AMARILLO,YELLOW LUPINE,sweet_lupins,3301020700
239,ALMORTA,Lathyrus sativus (Pea),peas,3301020600
240,TITARROS,Lathyrus cicera (red pea),peas,3301020600
241,MEZCLA AVENA-VEZA,Oat-vetches mixture,oats,3301010500
242,MEZCLA TRITICALE-VEZA,TRITICALE-vetches MIXTURE,triticale,3301010800
243,MEZCLA TRIGO-VEZA,Wheat-vetches mixture,common_soft_wheat,3301010100
244,MEZCLA CEBADA-VEZA,Barley-vetches mixture,barley,3301010400
245,MEZCLA AVENA-ZULLA,Oat Sweet tvetch mixture,oats,3301010500
246,MEZCLA CEBADA-ZULLA,Barley sweet vetch mixture,barley,3301010400
247,CULTIVOS MIXTOS DE ESPECIES PRATENSES,Mixed Crops of the Pratense (clover) species ,clover,3301090303
248,ALGARROBA,CAROB TREE,carob,3303110100
249,ALVERJA,Pea,peas,3301020600
250,ALBERJÓN,Chickpea,chickpeas,3301020200
251,AJEDREA,SAVORY,other_aromatic_medicinal_culinary_plants_spices_herbs,3301061299
252,CILANTRO,CILANTRO,coriander,3301061215
253,ANÍS DULCE,SWEET ANISE,anise_aniseed,3301061205
254,ENELDO,DILL,anethum_dill,3301061203
255,MANZANILLA,CHAMOMILE,chamomile,3301061213
256,VALERIANA,VALERIAN,valerian,3301061238
257,ARTEMISA,Ambrosia Peruviana,other_aromatic_medicinal_culinary_plants_spices_herbs,3301061299
258,GENCIANA,Gentiana,other_flowers_ornamental_plants,3301089900
259,HISOPO,HYSSOP,other_aromatic_medicinal_culinary_plants_spices_herbs,3301061299
260,HINOJO,FENNEL,fennel,3301170000
261,PEREJIL,PARSLEY,parsly,3301061227
262,AZAFRÁN,SAFFRON,saffron_crocus_sativus,3301061232
263,TOMILLO,THYME,thyme,3301061237
264,ALBAHACA,BASIL,basil,3301061207
265,MELISA O TORONJIL,Lemon balm,lemon_balm_melissa,3301061220
266,MENTA,MINT,mints_peppermint,3301061222
267,ORÉGANO,OREGANO,oregano,3301061226
268,SALVIA,SAGE,sage_chia,3301190000
269,PERIFOLLO,CHERVIL,chervil,3301061214
270,ESTRAGÓN,TARRAGON,tarragon,3301061236
271,MEJORANA,Majoran,other_aromatic_medicinal_culinary_plants_spices_herbs,3301061299
272,CALÉNDULA,CALENDULA,calendula_marigold,3301061210
273,COMINO,Cumin,black_cumin,3301061208
274,ESTEVIA,STEVIA,other_aromatic_medicinal_culinary_plants_spices_herbs,3301061299
275,HIPÉRICO,St John’s Wort,st_johns_wort,3301061234
276,HIERBABUENA,PEPPERMINT,mints_peppermint,3301061222
277,VERBENA,VERBENA,other_aromatic_medicinal_culinary_plants_spices_herbs,3301061299
278,FRUTOS DEL BOSQUE,Berry,berries_berry_species,3303020000
279,ESPÁRRAGO,ASPARAGUS,asparagus,3301200000
280,TRUFA,TRUFFLE,truffle,3304040000
281,LAVANDA,LAVENDER,lavender_lavandula,3301061219
282,LAVANDÍN,LAVENDER,lavender_lavandula,3301061219
283,ALCAPARRA,Caper,other_aromatic_medicinal_culinary_plants_spices_herbs,3301061299
284,AJENJO,Artemisia,artemisia,3301061206
285,ESPLIEGO,LAVENDER,lavender_lavandula,3301061219
286,HELICRISO,Strawflower,other_flowers_ornamental_plants,3301089900
287,HIERBALUISA,Lemon Verbena,other_aromatic_medicinal_culinary_plants_spices_herbs,3301061299
288,ROMERO,ROSEMARY,rosemary,3301061230
289,SANTOLINA,SANTOLINA,other_flowers_ornamental_plants,3301089900
290,ALOE VERA,ALOE VERA,other_aromatic_medicinal_culinary_plants_spices_herbs,3301061299
291,CAFÉ,COFFEE,other_aromatic_medicinal_culinary_plants_spices_herbs,3301061299
292,GROSELLA NEGRA,BLACKCURRANT,blackcurrant_cassis,3303020300
293,ROBLE,OAK,oak,3306060000
294,HAYA,Beech,other_tree_wood_forest,3306990000
295,ALCORNOQUE,Cork Oat,oak,3306060000
296,ABETO,Fir,other_tree_wood_forest,3306990000
297,ENEBRO,JUNIPER,other_tree_wood_forest,3306990000
298,MEZCLA CEBADA-GUISANTE,BARLEY-PEA MIXTURE,barley,3301010400
299,MEZCLA AVENA-GUISANTE,OAT-PEA MIXTURE,oats,3301010500
300,SABINA,Sabina (type of Junipers),other_tree_wood_forest,3306990000
301,PINSAPO,Spanish Fir,other_tree_wood_forest,3306990000
302,MEZCLA EN MÁRGENES MULTIFUNCIONALES,MIXING IN MULTIFUNCTIONAL MARGINS,not_known_and_other,3399000000
303,MEZCLA DE RESERVORIOS,RESERVOIR MIX,not_known_and_other,3399000000
304,COL CHINA,CHINESE CABBAGE,chinese_cabbage,3301210205
305,MEZCLA AVENA-TRIGO,OAT-WHEAT MIXTURE,oats,3301010500
306,MEZCLA AVENA-CEBADA,OATS-BARLEY MIXTURE,oats,3301010500
307,MEZCLA AVENA-TRITICALE,OAT-TRITICALE MIXTURE,oats,3301010500
308,AGRIMONIA,AGRIMONY,other_aromatic_medicinal_culinary_plants_spices_herbs,3301061299
309,BARDANA,BURDOCK,arctium_burdock,3301290100
310,DIENTE DE LEÓN,DANDELION,dandelions,3301081400
311,ENULA,Elecampane,other_aromatic_medicinal_culinary_plants_spices_herbs,3301061299
312,EQUINACEA,Coneflowers,rudbeckia_coneflowers,3301083800
313,GINSENG,GINSENG,other_aromatic_medicinal_culinary_plants_spices_herbs,3301061299
315,LLANTÉN,Broadleaf PLANTAIN/Plantago Major,other_aromatic_medicinal_culinary_plants_spices_herbs,3301061299
316,MALVAVISCO,MARSHMALLOW,other_flowers_ornamental_plants,3301089900
317,MANZANILLA AMARGA,BITTER CHAMOMILE,chamomile,3301061213
318,MANZANILLA DULCE,SWEET CHAMOMILE,chamomile,3301061213
319,MILENRAMA,YARROW,yarrow,3301061239
320,POLEO,Mentha pulegium,other_aromatic_medicinal_culinary_plants_spices_herbs,3301061299
321,RÁBANO NEGRO,BLACK RADISH,radish,3301290600
322,ROMPEPIEDRA,Lepidium latifolium,other_brassica_oleracea_cabbage,3301210299
323,TRAVALERA,Common Knotgrass,other_aromatic_medicinal_culinary_plants_spices_herbs,3301061299
324,VARA DE ORO,GOLDEN ROD,goldenrod,3301082200
325,TRIGO KHORASAN,Khorasan Wheat,other_cereals,3301019900
326,MAÍZ DULCE,SWEET CORN,grain_maize_corn_popcorn,3301010600
327,REMOLACHA DE MESA,Beetroot,beetroot_beets,3301290200
328,PASTO DEL SUDÁN,Sorghum x drummondii,millet_sorghum,3301010900
329,AMARANTO,AMARANTH,amaranth,3301150100
330,ELEMENTO DEL PAISAJE,LANDSCAPE ELEMENT,not_known_and_other,3399000000
331,MORINGA,MORINGA,other_arable_land_crops,3301990000
332,MOSTAZA,MUSTARD,mustard,3301210100
333,PORTAINJERTOS DE VID,GRAPEVINE ROOTSTOCKS,vineyards_wine_vine_rebland_grapes,3303060000
334,BARBECHO DE BIODIVERSIDAD (INCLUYE MELÍFERAS),BIODIVERSITY FALLOW (INCLUDING MELLIFERS),fallow_land_not_crop,3301110000
335,CABECERA Y CONTORNOS DE CULTIVO PERMANENTE,PERMANENT CROP HEADLAND AND BORDERS,not_known_and_other,3399000000
336,MEZCLA ALGARROBA-AVENA,CAROB-OAT MIXTURE,carob,3303110100
337,MEZCLA ALGARROBA-CEBADA,CAROB-BARLEY MIXTURE,carob,3303110100
338,MEZCLA RAYGRASS-VEZA,Ryegrass Vetch mixture,lolium_ryegrass,3301090205
339,MEZCLA AVENA-YEROS,Oat vetch mixture,oats,3301010500
340,MEZCLA CEBADA-YEROS,BARLEY-Vetches MIXTURE,barley,3301010400
341,SILPHIUM,SILPHIUM,silphium_rosinweeds,3301084400
342,OTRAS MEZCLAS CON PREDOMINANCIA CFN,Nitrogen-fixing crops (CFN),legumes_harvested_green,3301090300
343,AGUACATE,AVOCADO,avocado,3303100000
344,MANGO,MANGO,orchards_fruits,3303010000
345,CHIRIMOYO,cherimoya,orchards_fruits,3303010000
346,PAPAYA,PAPAYA,orchards_fruits,3303010000
347,MORERA,MULBERRY,berries_berry_species,3303020000
348,VIÑA - FRUTAL,VINEYARD - FRUIT,vineyards_wine_vine_rebland_grapes,3303060000
349,OLIVAR - FRUTAL,OLIVE - FRUIT,olive_plantations,3303050000
350,RASTROJERAS,Unmanaged vegetation,unmaintained,3308000000
351,CÍTRICOS HÍBRIDOS-CAQUI,HYBRID CITRUS-KHAKI,citrus_plantations,3303040000
352,NARANJO-AGUACATE,ORANGE-AVOCADO,citrus_plantations,3303040000
353,CEREZO-OLIVAR,CHERRY-OLIVE TREE,cherry_cherries,3303010400
354,CEREZO-ALGARROBO,CHERRY-CAROB,cherry_cherries,3303010400
355,RICINO,Castor oil,oilseed_crops,3301060800
356,NARANJO AMARGO,BITTER ORANGE,citrus_plantations,3303040000
357,CÁÑAMO NO TEXTIL,NON-TEXTILE HEMP,hemp_cannabis,3301061000
358,MEZCLA DE FORESTALES,FOREST MIX,tree_wood_forest,3306000000
359,HIERBA DE GUINEA,GUINEA GRASS,poaceae_grasses,3301090200
360,ABEDUL,BIRCH,birch,3306030000
361,ABETO DE DOUGLAS,DOUGLAS FIR,tree_wood_forest,3306000000
362,ACEBO,Christmas HOLLY,shrubberries_shrubs,3303080000
363,ACEBUCHE,Wild Olive,olive_plantations,3303050000
364,ÁLAMO,POPLAR,populus,3306070000
365,ALANTICO o LANTISCO,Pistacia lentiscus,industrial_nonfood_crops,3301060000
366,ALERCE,Larch,other_tree_wood_forest,3306990000
367,ALISO,Adler,birch,3306030000
368,ALMÁCIGO DE CANARIAS,Pistacia atlantica,other_tree_wood_forest,3306990000
369,ALMEZ,European nettle tree,other_tree_wood_forest,3306990000
370,ARCE,MAPLE,other_tree_wood_forest,3306990000
371,CARPE ,HORNBEAM,other_tree_wood_forest,3306990000
372,CEDRO,CEDAR,other_tree_wood_forest,3306990000
373,CHAPARRO,Kermes Oak,oak,3306060000
374,CHÍA,CHIA,sage_chia,3301190000
375,CIPRÉS,CYPRESS,other_tree_wood_forest,3306990000
376,FRESNO,ASH TREE,other_tree_wood_forest,3306990000
377,MADROÑO ,Strawberry Tree,other_tree_wood_forest,3306990000
378,OLMO,ELM,other_tree_wood_forest,3306990000
379,PALMA CANARIA,CANARY PALM,other_tree_wood_forest,3306990000
380,PICEA,SPRUCE,other_tree_wood_forest,3306990000
381,QUEJIGO,Portuguese oak,oak,3306060000
382,REBOLLO,Spanish Oak,oak,3306060000
383,RETAMA,RETAMA,not_known_and_other,3399000000
384,SERBAL,Sorbus,other_tree_wood_forest,3306990000
385,TALAYA,Tamarix,other_tree_wood_forest,3306990000
386,TEJO,Yew Tree,other_tree_wood_forest,3306990000
387,TILO,Tilia tree,other_tree_wood_forest,3306990000
388,YUCA,YUCCA?,other_flowers_ornamental_plants,3301089900
389,PINO,PINE TREE,other_tree_wood_forest,3306990000
390,HABONCILLO,Field Beans,beans,3301020100
391,CEREZO DE MAHOMA,Mahaleb Cherrz,cherry_cherries,3303010400
392,MEZCLA ALUBIA-MAÍZ,BEAN-CORN MIXTURE,beans,3301020100
393,ESCANDA,Emmer,emmer,3301011200
394,ESCAÑA,Spelt,spelt,3301011000
395,PANIZO,Maiz,grain_maize_corn_popcorn,3301010600
397,JUDÍA ESCARLATA,SCARLET Runner BEAN,beans,3301020100
398,RAMIO,Ramie,fibre_crops,3301061100
399,SÉSAMO,SESAME,oilseed_crops,3301060800
400,FORESTACIONES VINCULADAS AL REGLAMENTO 2080/1992,Afforestation LINKED TO REGULATION 2080/1992,afforestation_reforestation,3306010000
401,CEBOLLINO,CHIVE,chives,3301220100
402,ACEDERILLA,SORREL,sorrel,3301310700
403,ANÍS ESTRELLADO,STAR ANISE,anise_aniseed,3301061205
404,BOTÓN DE ORO,Meadow buttercup,not_known_and_other,3399000000
405,AJOWAN,AJOWAN,other_aromatic_medicinal_culinary_plants_spices_herbs,3301061299
406,CHUPAMIELES,Anchusa officinalis,borage,3301061209
409,DEDALERA O DIGITAL,Foxglove,other_flowers_ornamental_plants,3301089900
410,CICUTA,HEMLOCK,not_known_and_other,3399000000
411,JABONERA,Wild Sweet William,not_known_and_other,3399000000
412,MALVA COMÚN,COMMON MALLOW,sida_virginia_mallow,3304030000
413,PULMONARIA,Lungwort,other_flowers_ornamental_plants,3301089900
414,CARDO DE FULLER,Wild teasel (honey plant/ornamental),other_flowers_ornamental_plants,3301089900
415,TÁRTAGO,Caper Spurge,not_known_and_other,3399000000
416,PATACA,Jerusalem artichoke,topinambur_jerusalem_artichoke,3301180000
417,CANÓNIGO,Lambs lettuce,lambs_lettuce_rapunzel,3301310500
418,ACEDERA,Sorrel,sorrel,3301310700
419,BERRO HORTELANO,GARDEN CRESS,cress,3301210300
420,RUIBARBO,RHUBARB,rhubarb,3301230000
421,VERDOLAGA,PURSLANE,purslane,3301240000
422,KIWANO,KIWANO,cucurbits,3301140000
423,TOMATILLO,TOMATILLO,berries_berry_species,3303020000
424,ALCACHOFA CHINA,Chinese artichoke,stachys_hedgenettle_chinese_artichoke,3301061235
425,GALANGA MENOR,Galangal,other_aromatic_medicinal_culinary_plants_spices_herbs,3301061299
426,PEREJIL TUBEROSO,Parsley,parsly,3301061227
427,RÁBANO PICANTE,HORSERADISH,horseradish,3301210400
428,JUDÍA DE LIMA,Lima Bea,beans,3301020100
429,COLLEJA,Bladder campion,other_salads_lettuce_leaf_vegetables,3301319900
430,BERGAMOTO,Bergamot,citrus_plantations,3303040000
431,CIDRO,CITRUS,citrus_plantations,3303040000
432,LIMÓN MANDARINA,Rangpur lime,citrus_plantations,3303040000
433,LIMERO DULCE,Palestinian SWEET LIME,citrus_plantations,3303040000
434,LIMÓN DULCE DEL MEDITERRÁNEO,Sweet Lime (Citrus limetta),citrus_plantations,3303040000
435,NARANJO MORUNO,Myrtle leaved orange tree,citrus_plantations,3303040000
436,ACEROLO,Mediterranean Medlar (crataegus azarolus),crataegus_hawthorn,3303080300
437,GUINDO,Sour Cherry,cherry_cherries,3303010400
438,SAUCO,Elderberry ,elder_elderberry,3303080400
439,ESPINO AMARILLO,SEA BUCKTHORN,hippophae_sea_buckthorns_seaberry,3303020800
440,PITA,Century Plant,other_flowers_ornamental_plants,3301089900
441,TÉ,TEA,other_aromatic_medicinal_culinary_plants_spices_herbs,3301061299
442,MIMBRERA,Osier,willows_osiers,3306080000
443,BAMBÚ,BAMBOO,other_flowers_ornamental_plants,3301089900
444,ZUMAQUE,SUMAC,other_aromatic_medicinal_culinary_plants_spices_herbs,3301061299
445,COL CRESPA,Curly kale,kale,3301210208
446,SERRADELLA,SERRADELLA,serradella,3301084200
447,MEZCLA CEREAL-RAYGRASS,CEREAL-RYEGRASS MIXTURE,cereal,3301010000
448,MEZCLA AVENA-MAÍZ,OAT-CORN MIXTURE,oats,3301010500
449,MEZCLA HABA-VEZA,BEAN-VETCHES MIXTURE,beans,3301020100
450,MEZCLA CEBADA-TRIGO,BARLEY-WHEAT MIXTURE,barley,3301010400
451,MEZCLA CENTENO-TRIGO,RYE-WHEAT MIXTURE,rye,3301010300
452,MEZCLA AVENA-MAÍZ-VEZA,OAT-CORN-VETCHES MIXTURE,oats,3301010500
453,MEZCLA CEBADA-MAÍZ-VEZA,BARLEY-CORN-VETCHES MIXTURE,barley,3301010400
454,MEZCLA ALTRAMUZ-AVENA,LUPINE-OATS MIXTURE,sweet_lupins,3301020700
455,MEZCLA AVENA-CENTENO,OAT-RYE MIXTURE,oats,3301010500
456,MEZCLA CENTENO-MAÍZ,RYE-CORN MIXTURE,rye,3301010300
457,MEZCLA MAÍZ-SORGO,CORN-SORGHUM MIXTURE,grain_maize_corn_popcorn,3301010600
458,MARALFALFA,MARALFALFA,poaceae_grasses,3301090200
459,TEDERA,Arabian pea,legumes_harvested_green,3301090300
460,CAUPÍ,Black-eyed pea,beans,3301020100
461,MELILOTO AMARILLO ,YELLOW SWEET CLOVER,clover,3301090303
462,OJO DE BUEY,Velvet bean,legumes_from_trees,3303110000
463,CHOISUM,CHOISUM,other_brassica_oleracea_cabbage,3301210299
464,BRÓCOLI CHINO,Kai-lan,gai_lan,3301210207
465,BATATA ACUÁTICA,Water spinach,other_salads_lettuce_leaf_vegetables,3301319900
466,CEBOLLINO CHINO,CHINESE CHIVES,other_salads_lettuce_leaf_vegetables,3301319900
467,LEMONGRASS,LEMONGRASS,other_aromatic_medicinal_culinary_plants_spices_herbs,3301061299
468,ESPINACA DE MALABAR,MALABAR SPINACH,other_salads_lettuce_leaf_vegetables,3301319900
469,LUFFA,LUFFA,pumpkin_squash_gourd,3301140400
470,JUDÍA DE EGIPTO,Lablab purpureus,legumes_dried_pulses_protein_crops,3301020000
471,CALABAZA AMARGA,BITTER GOURD,pumpkin_squash_gourd,3301140400
472,PEPINO CULEBRA,Armenian cucumber,cucurbits,3301140000
473,CALABAZA CHINA,Wax gourd,pumpkin_squash_gourd,3301140400
474,AROS EGIPCIOS,Arum maculatum,other_flowers_ornamental_plants,3301089900
475,RÁBANO SILVESTRE,Wild radish,radish,3301290600
477,SALSIFÍ,SALSIFY,salsify,3301084000
478,COLINABO,SWEDE,swede_rutabaga,3301210500
479,ESCORZONERA,Black salsify,salsify,3301084000
480,BARBAREA,Winter cress,cress,3301210300
481,NUEZ DE COLA,Kola nut,other_aromatic_medicinal_culinary_plants_spices_herbs,3301061299
482,ALTRAMUZ AZUL,Blue Lupin,sweet_lupins,3301020700
483,VEZA VELLOSA,Hairy vetch ,vetches,3301090305
484,GRELOS,Rapini,other_brassica_oleracea_cabbage,3301210299
485,BAYAS DE GOJI,GOJI BERRIES,berries_berry_species,3303020000
486,ALVERJA HÚNGARA,HUNGARIAN PEA,peas,3301020600
487,CALIFORNIA BLUEBELL,CALIFORNIA BLUEBELL (phacelia),phacelia,3301061400
488,BISERRULA,BISERRULA,legumes_harvested_green,3301090300
489,GRAMA COMÚN,Scutch grass,poaceae_grasses,3301090200
490,MEDICAGO,MEDICAGO,legumes_harvested_green,3301090300
491,ESPIGUILLA DE BURRO,Soft brome,poaceae_grasses,3301090200
492,AÑIL,True indigo,legumes_harvested_green,3301090300
493,ÍNDIGO CHINO,Chinese indigo,buckwheat,3301150200
496,MEZCLA RAYGRASS-TREBOL,RYEGRASS-CLOVER MIXTURE,lolium_ryegrass,3301090205
497,APIO-RÁBANO,CELERIAC,celery,3301250000
498,BROCCOLINI,BROCCOLINI,broccoli,3301210202
500,FORESTACIONES VINCULADAS AL REGLAMENTO Nº 1257/1999,AfforestationLINKED TO REGULATION Nº 1257/1999,afforestation_reforestation,3306010000
501,NOGAL PECANO,PECAN,nuts,3303030000
502,CALABAZA MOSCADA,PUMPKIN / SQUASH / GOURD,pumpkin_squash_gourd,3301140400
503,NABO SILVESTRE,WILD TURNIP,other_brassica_oleracea_cabbage,3301210299
504,ALCARAVEA,CARAWAY,caraway,3301061211
505,PORTAINJERTOS DE CALABAZA,PUMPKIN / SQUASH / GOURD,pumpkin_squash_gourd,3301140400
506,CIRUELO JAPONÉS,JAPANESE PLUM,plums,3303011300
507,ACHICORIA DE CAFÉ,ROOT CHICORY,chicory_chicories,3301310200
508,RÁBANO OLEÍFERO,OILSEED RADISH,radish,3301290600
509,COL TRONCHUDA,PORTUGUESE KALE,other_brassica_oleracea_cabbage,3301210299
510,TRISETUM FLAVESCENS,YELLOW OAT-GRASS,poaceae_grasses,3301090200
511,AGROSTIS CANINA,AGROSTIS / BENTGRASS,poaceae_grasses,3301090200
512,AGROSTIS CAPILLARIS,AGROSTIS / BENTGRASS,poaceae_grasses,3301090200
513,AGROSTIS GIGANTEA,AGROSTIS / BENTGRASS,poaceae_grasses,3301090200
514,AGROSTIS STOLONIFERA,AGROSTIS / BENTGRASS,poaceae_grasses,3301090200
515,COLA DE ZORRA,FOXTAIL,poaceae_grasses,3301090200
516,BROMO DE SITKA,SITKA BROMEGRASS,poaceae_grasses,3301090200
517,FESTUCA ALTA,TALL FESCUE,festuca_fescue,3301090202
518,FESTUCA OVINA DE HOJA FINA,SHEEP FESCUE,festuca_fescue,3301090202
519,FESTUCA OVINA,SHEEP FESCUE,festuca_fescue,3301090202
520,FESTUCA PRATENSE,MEADOW FESCUE,festuca_fescue,3301090202
521,FESTUCA ROJA,RED FESCUE,festuca_fescue,3301090202
522,FESTUCA DURA,HARD FESCUE,festuca_fescue,3301090202
523,GALEGA DE ORIENTE,EASTERN GALEGA,legumes_harvested_green,3301090300
524,RAYGRASS ITALIANO,ITALIAN RYEGRASS,lolium_ryegrass,3301090205
525,RAYGRASS WESTERNWORLD,RYEGRASS WESTERNWOLD,lolium_ryegrass,3301090205
526,RAYGRASS HÍBRIDO,HYBRID RYEGRASS,lolium_ryegrass,3301090205
527,CARRETÓN,BUR MEDIC,alfalfa_lucerne,3301090301
528,ALFALFA ITALIANA,ITALIAN ALFALFA,alfalfa_lucerne,3301090301
529,ALFALFA LITORAL,COASTAL ALFALFA,alfalfa_lucerne,3301090301
530,LUPULINA,BLACK MEDIC,alfalfa_lucerne,3301090301
531,ALFALFA ESPINOSA,SPINY MEDIC,alfalfa_lucerne,3301090301
532,ALFALFA DE BURRO,BURRO ALFALFA,alfalfa_lucerne,3301090301
533,ALFALFA RUGOSA,WRINKLED MEDIC,alfalfa_lucerne,3301090301
534,ALFALFA DE ARENA,SAND ALFALFA,alfalfa_lucerne,3301090301
535,ALFALFA ESCUDETEADA,SHIELD MEDIC,alfalfa_lucerne,3301090301
536,MEDICAGO TRUNCATULA,BARREL MEDIC,alfalfa_lucerne,3301090301
537,SERRADELLA AMARILLA,YELLOW SERRADELLA,serradella,3301084200
538,FACELIA FORRAJERA,PHACELIA,phacelia,3301061400
539,ALPISTE BULBOSO,BULBOUS CANARY-GRASS,poaceae_grasses,3301090200
540,FLEO BULBOSO,BULBOUS TIMOTHY,poaceae_grasses,3301090200
541,LLANTÉN MENOR,RIBWORT PLANTAIN,other_plants_harvested_green,3301099900
542,POA ANNUA,ANNUAL BLUEGRASS,poaceae_grasses,3301090200
543,POA DE LOS BOSQUES,WOODLAND BLUEGRASS,poaceae_grasses,3301090200
544,POA DE LOS PANTANOS,SWAMP MEADOW-GRASS,poaceae_grasses,3301090200
545,POA DE LOS PRADOS,KENTUCKY BLUEGRASS,poaceae_grasses,3301090200
546,POA COMÚN,COMMON MEADOW-GRASS,poaceae_grasses,3301090200
547,TRÉBOL DE ALEJANDRÍA,BERSEEM CLOVER,clover,3301090303
548,TRÉBOL FRESERO,STRAWBERRY CLOVER,clover,3301090303
549,TRÉBOL GLANDULAR,GLAND CLOVER,clover,3301090303
550,TRÉBOL VELLOSO,HAIRY CLOVER,clover,3301090303
551,TRÉBOL HÍBRIDO,HYBRID CLOVER,clover,3301090303
552,TRÉBOL ENCARNADO,CRIMSON CLOVER,clover,3301090303
553,TRÉBOL DE FRUTO ANGOSTO,NARROWLEAF CLOVER,clover,3301090303
554,TRÉBOL BALANSA,BALANSA CLOVER,clover,3301090303
555,TRÉBOL VIOLETA,RED CLOVER,clover,3301090303
556,TRÉBOL BLANCO,WHITE CLOVER,clover,3301090303
557,TRÉBOL PERSA,PERSIAN CLOVER,clover,3301090303
558,TRÉBOL SQUARROSO,SQUARROSE CLOVER,clover,3301090303
559,TRÉBOL SUBTERRANEO,SUBTERRANEAN CLOVER,clover,3301090303
560,TRÉBOL VESICULOSO,BLADDER CLOVER,clover,3301090303
561,CAÑUELA,WALL FESCUE,festuca_fescue,3301090202
562,ARVEJA ROJA,RED VETCH,vetches,3301090305
563,BERENJENA ETÍOPE,AUBERGINE,aubergine_eggplant,3301260000
564,HÍBRIDOS DE SOLANUM LYCOPERSICUM Y CHESMANIAE,TOMATO HYBRID,tomato,3301280000
565,HÍBRIDOS DE SOLANUM LYCOPERSICUM Y PERUVIANUM,TOMATO HYBRID,tomato,3301280000
566,HÍBRIDOS DE SOLANUM LYCOPERSICUM Y PIMPINELLIFOILUM,TOMATO HYBRID,tomato,3301280000
567,HÍBRIDOS DE SOLANUM LYCOPERSICUM Y HABROCHAITES,TOMATO HYBRID,tomato,3301280000
568,BERENJENA CIMARRONA,AUBERGINE,aubergine_eggplant,3301260000
569,HÍBRIDOS DE SOLANUM MELONGENA Y TORVUM,AUBERGINE HYBRID,aubergine_eggplant,3301260000
570,HÍBRIDOS DE SOLANUM MELONGENA Y AETHIOPICUM,AUBERGINE HYBRID,aubergine_eggplant,3301260000
571,TOMATE DE GALÁPAGOS,TOMATE DE GALÁPAGOS,tomato,3301280000
572,TOMATE CIMARRÓN,TOMATE CIMARRÓN,tomato,3301280000
573,TOMATE PELUDO,TOMATE PELUDO,tomato,3301280000
574,TOMATE SILVESTRE,TOMATE SILVESTRE,tomato,3301280000
575,TRÉBOL GLOMERADO,CLUSTER CLOVER,clover,3301090303
576,CEBADILLA,BROMEGRASS,poaceae_grasses,3301090200
577,FROMENTAL,FALSE OAT-GRASS,poaceae_grasses,3301090200
578,AVENA DESNUDA,NAKED OAT,oats,3301010500
579,AVENA NEGRA,BLACK OAT,oats,3301010500
580,MOSTAZA NEGRA,BLACK MUSTARD,mustard,3301210100
581,COL DE JERSEY,JERSEY KALE,other_brassica_oleracea_cabbage,3301210299
582,HÍBRIDOS DE CUCUMIS MELO,PUMPKIN / SQUASH / GOURD,pumpkin_squash_gourd,3301140400
583,CALABAZA DE CABELLO DE ÁNGEL,PUMPKIN / SQUASH / GOURD,pumpkin_squash_gourd,3301140400
584,RABANITO,RADISH,radish,3301290600
585,MAÍZ PALOMITERO,POPCORN MAIZE,grain_maize_corn_popcorn,3301010600
586,GROSELLERO ROJO,REDCURRANT,redcurrant,3303021100
587,BRACHYPODIUM,BRACHYPODIUM,poaceae_grasses,3301090200
588,PHACELIA,PHACELIA,phacelia,3301061400
589,REMOLACHA FORRAJERA,FODDER BEET,mangelwurzel_fodder_beet,3301290400
590,REMOLACHA AZUCARERA,SUGAR BEET,sugar_beet,3301290700
591,RABO DE GATO,TIMOTHY-GRASS,poaceae_grasses,3301090200
592,TRÉBOL ÁSPERO,ROUGH CLOVER,clover,3301090303
593,SETA DE CHOPO,POPLAR MUSHROOM,mushrooms_energy_genetically_modified_crops,3304000000
594,SHIITAKE,SHIITAKE MUSHROOM,mushrooms_energy_genetically_modified_crops,3304000000
595,SETA DE PIE AZUL,BLUEFOOT MUSHROOM,mushrooms_energy_genetically_modified_crops,3304000000
596,SETA DE CARDO,KING TRUMPET MUSHROOM,mushrooms_energy_genetically_modified_crops,3304000000
597,SETA DE OSTRA,OYSTER MUSHROOM,mushrooms_energy_genetically_modified_crops,3304000000
598,HONGO PULMÓN,LUNG OYSTER MUSHROOM,mushrooms_energy_genetically_modified_crops,3304000000
599,ALGODÓN AMERICANO,COTTON,cotton,3301060300
600,FORESTACIONES VINCULADAS AL REGLAMENTO Nº 1698/2005,Afforestation LINKED TO REGULATION Nº 1698/2005,afforestation_reforestation,3306010000
601,ALGODÓN EGIPCIO,COTTON,cotton,3301060300
602,HÍBRIDOS DE GOSSYPIUM HIRSUTUM Y BARBADENSE,COTTON,cotton,3301060300
603,KIWIÑO,HARDY KIWI,kiwi,3303010700
604,KIWI AMARILLO,GOLDEN KIWI,kiwi,3303010700
605,ACTINIDIA,ACTINIDIA,kiwi,3303010700
606,KIWI ENANO,HARDY KIWI,kiwi,3303010700
607,ACTINIDIA VALVATA,ACTINIDIA,kiwi,3303010700
608,HÍBRIDOS DE ACTINIDIA CHINENSIS Y ARGUTA,ACTINIDIA,kiwi,3303010700
609,CASTANEA,CHESTNUT,sweet_chestnuts,3303030500
610,HÍBRIDOS DE CASTANEA CRENATA Y SATIVA,CHESTNUT,sweet_chestnuts,3303030500
611,CASTAÑO JAPONES,JAPANESE CHESTNUT,sweet_chestnuts,3303030500
612,HÍBRIDOS DE FRAGARIA IINUMAE Y VESCA,WILD STRAWBERRY HYBRID,berries_berry_species,3303020000
613,HÍBRIDOS DE JUGLANS MAYOR Y REGIA,WALNUT HYBRID,walnuts,3303030600
614,ACELGA BRAVA,WILD CHARD,beetroot_beets,3301290200
615,EUCALIPTO COMÚN,EUCALYPTUS,eucalyptus,3306050000
616,EUCALIPTO BRILLANTE,EUCALYPTUS,eucalyptus,3306050000
617,TRUFA DEL DESIERTO,DESERT TRUFFLE,mushrooms_energy_genetically_modified_crops,3304000000
618,ROBLE ALBAR,OAK,oak,3306060000
619,ROBLE PUBESCENTE,OAK,oak,3306060000
620,ROBLE AMERICANO,OAK,oak,3306060000
621,ÁLAMO BLANCO,WHITE POPLAR,populus,3306070000
622,ÁLAMO TEMBLÓN,ASPEN,aspen,3306020000
623,MOSTAZA SILVESTRE,WILD MUSTARD,mustard,3301210100
624,OLMO COMÚN,ELM,other_tree_wood_forest,3306990000
625,OLMO DE MONTAÑA,ELM,other_tree_wood_forest,3306990000
626,JUDÍA ESPÁRRAGO,ASPARAGUS BEAN,legumes_harvested_green,3301090300
627,ALERCE AFRICANO,LARCH,other_tree_wood_forest,3306990000
628,ALERCE EUROPEO,LARCH,other_tree_wood_forest,3306990000
629,ALERCE DEL JAPÓN,LARCH,other_tree_wood_forest,3306990000
630,ALERCE DE DUNKLED,LARCH,other_tree_wood_forest,3306990000
631,ARCE BLANCO,MAPLE,other_tree_wood_forest,3306990000
632,ARCE REAL,MAPLE,other_tree_wood_forest,3306990000
633,ARCE COMÚN,MAPLE,other_tree_wood_forest,3306990000
634,PINO PIÑONERO,PINE,other_tree_wood_forest,3306990000
635,PINO CANARIO,PINE,other_tree_wood_forest,3306990000
636,PINO CARRASCO,PINE,other_tree_wood_forest,3306990000
637,PINO INSIGNE,PINE,other_tree_wood_forest,3306990000
638,PINO NEGRAL,PINE,other_tree_wood_forest,3306990000
639,PINO NEGRO,PINE,other_tree_wood_forest,3306990000
640,PINO MARÍTIMO,PINE,other_tree_wood_forest,3306990000
641,PINO SILVESTRE,PINE,other_tree_wood_forest,3306990000
642,MADROÑO CANARIO,CANARY ISLAND STRAWBERRY TREE,other_tree_wood_forest,3306990000
643,CEDRO DEL ATLAS,CEDAR,other_tree_wood_forest,3306990000
644,CEDRO DEL LÍBANO,CEDAR,other_tree_wood_forest,3306990000
645,CIPRÉS COMÚN,CYPRESS,other_tree_wood_forest,3306990000
646,CIPRÉS DE ARIZONA,CYPRESS,other_tree_wood_forest,3306990000
647,FRESNO DE HOJA ESTRECHA,ASH TREE,other_tree_wood_forest,3306990000
648,FRESNO COMÚN,ASH TREE,other_tree_wood_forest,3306990000
649,SERBAL BLANCO,ROWAN / SERVICE TREE,other_tree_wood_forest,3306990000
650,SERBAL DE LOS CAZADORES,ROWAN / SERVICE TREE,other_tree_wood_forest,3306990000
651,SERBAL COMÚN,ROWAN / SERVICE TREE,other_tree_wood_forest,3306990000
652,BLEDO VERDE,GREEN AMARANTH,amaranth,3301150100
653,BLEDO COMÚN,COMMON AMARANTH,amaranth,3301150100
654,MOCO DE PAVO,LOVE-LIES-BLEEDING,amaranth,3301150100
655,AMARANTO ROJO,RED AMARANTH,amaranth,3301150100
656,SABINA NEGRA,SABINA JUNIPER,other_tree_wood_forest,3306990000
657,SABINA ALBAR,SABINA JUNIPER,other_tree_wood_forest,3306990000
658,SABINA RASTRERA,SABINA JUNIPER,other_tree_wood_forest,3306990000
659,CLAVEL,CARNATION,flowers_ornamental_plants,3301080000
660,ROSA,ROSE,flowers_ornamental_plants,3301080000
661,ANTHURIUM,ANTHURIUM,flowers_ornamental_plants,3301080000
662,ASTER,ASTER,flowers_ornamental_plants,3301080000
663,CATTLEYA,CATTLEYA,flowers_ornamental_plants,3301080000
664,FREESIA,FREESIA,flowers_ornamental_plants,3301080000
665,GERBERA,GERBERA,flowers_ornamental_plants,3301080000
666,GYPSOPHILA,GYPSOPHILA,flowers_ornamental_plants,3301080000
667,IRIS,IRIS,flowers_ornamental_plants,3301080000
668,LIRIO DE PASCUA,EASTER LILY,flowers_ornamental_plants,3301080000
669,PROTEA,PROTEA,flowers_ornamental_plants,3301080000
670,SOLIDASTER,SOLIDASTER,flowers_ornamental_plants,3301080000
671,SOLIDAGO,SOLIDAGO,flowers_ornamental_plants,3301080000
672,SIEMPREVIVA AZUL,BLUE STATICE,flowers_ornamental_plants,3301080000
673,AVE DEL PARAÍSO,BIRD OF PARADISE,flowers_ornamental_plants,3301080000
674,CLAVEL CHINO,CHINESE PINK,flowers_ornamental_plants,3301080000
675,CLAVEL DEL POETA,SWEET WILLIAM,flowers_ornamental_plants,3301080000
676,ADENANTHOS,ADENANTHOS,flowers_ornamental_plants,3301080000
677,AGAPANTHUS,AGAPANTHUS,flowers_ornamental_plants,3301080000
678,ALOCASIA,ALOCASIA,flowers_ornamental_plants,3301080000
679,ALOE,ALOE,flowers_ornamental_plants,3301080000
680,ALTHERNANTERA,ALTHERNANTERA,flowers_ornamental_plants,3301080000
681,ALYOGYNE,ALYOGYNE,flowers_ornamental_plants,3301080000
682,ALYSSUM,ALYSSUM,flowers_ornamental_plants,3301080000
683,ANYZOGANTHUS,ANYZOGANTHUS,flowers_ornamental_plants,3301080000
684,AQUILEGIA,AQUILEGIA,flowers_ornamental_plants,3301080000
685,ARAUCARIA,ARAUCARIA,flowers_ornamental_plants,3301080000
686,ARCTOTIS,ARCTOTIS,flowers_ornamental_plants,3301080000
687,ARECA,ARECA,flowers_ornamental_plants,3301080000
688,ARGYRANTEMUM,ARGYRANTEMUM,flowers_ornamental_plants,3301080000
689,ARMERIA,ARMERIA,flowers_ornamental_plants,3301080000
690,ASPLENIUM,ASPLENIUM,flowers_ornamental_plants,3301080000
691,ALSTROEMERIA,ALSTROEMERIA,flowers_ornamental_plants,3301080000
692,ANTIRRHINUM,ANTIRRHINUM,flowers_ornamental_plants,3301080000
693,RHODODENDRON,RHODODENDRON,flowers_ornamental_plants,3301080000
694,BEGONIA,BEGONIA,flowers_ornamental_plants,3301080000
695,BEGONIA ELIATOR,BEGONIA ELIATOR,flowers_ornamental_plants,3301080000
696,BEGONIA SEMPERFLORENS,BEGONIA SEMPERFLORENS,flowers_ornamental_plants,3301080000
697,BELLIS,BELLIS,flowers_ornamental_plants,3301080000
698,BEAUCARNEA,BEAUCARNEA,flowers_ornamental_plants,3301080000
699,BIGNONIA,BIGNONIA,flowers_ornamental_plants,3301080000
700,SUP DE AGROSILVICULTURA QUE RECIBA O HAYA RECIBIDO AYUDAS DE LOS REGLAMENTOS 1698/2005 Y/O 1305/2013,AGROSILVICULTURE SUP THAT RECEIVES OR HAS RECEIVED AID FROM REGULATIONS 1698/2005 AND/OR 1305/2013,not_known_and_other,3399000000
701,BORONIA,BORONIA,flowers_ornamental_plants,3301080000
702,BULBINE,BULBINE,flowers_ornamental_plants,3301080000
703,CAESALPINIA,CAESALPINIA,flowers_ornamental_plants,3301080000
704,CALCEOLARIA,CALCEOLARIA,flowers_ornamental_plants,3301080000
705,CALIBRACHOA,CALIBRACHOA,flowers_ornamental_plants,3301080000
706,CALLA,CALLA,flowers_ornamental_plants,3301080000
707,CALLISTEMON,CALLISTEMON,flowers_ornamental_plants,3301080000
708,CAMELLIA,CAMELLIA,flowers_ornamental_plants,3301080000
709,CANNA,CANNA,flowers_ornamental_plants,3301080000
710,CAREX,CAREX,flowers_ornamental_plants,3301080000
711,CARISSA,CARISSA,flowers_ornamental_plants,3301080000
712,CEREZA DE NATAL,NATAL CHERRY,flowers_ornamental_plants,3301080000
713,CASSIA,CASSIA,flowers_ornamental_plants,3301080000
714,CEANOTHUS,CEANOTHUS,flowers_ornamental_plants,3301080000
715,CERATONIA,CERATONIA,flowers_ornamental_plants,3301080000
716,CESTRUM,CESTRUM,flowers_ornamental_plants,3301080000
717,CYCAS,CYCAS,flowers_ornamental_plants,3301080000
718,CINERARIA,CINERARIA,flowers_ornamental_plants,3301080000
719,CLIVIA,CLIVIA,flowers_ornamental_plants,3301080000
720,CODIAEUM,CODIAEUM,flowers_ornamental_plants,3301080000
721,CÓLEO,CÓLEO,flowers_ornamental_plants,3301080000
722,CONVOLVULUS,CONVOLVULUS,flowers_ornamental_plants,3301080000
723,COPROSMA,COPROSMA,flowers_ornamental_plants,3301080000
724,CORDYLINE,CORDYLINE,flowers_ornamental_plants,3301080000
725,CORREA,CORREA,flowers_ornamental_plants,3301080000
726,CRASSULA,CRASSULA,flowers_ornamental_plants,3301080000
727,CYPERUS,CYPERUS,flowers_ornamental_plants,3301080000
728,DAHLIA,DAHLIA,flowers_ornamental_plants,3301080000
729,DAPHNE,DAPHNE,flowers_ornamental_plants,3301080000
730,DASYLIRION,DASYLIRION,flowers_ornamental_plants,3301080000
731,DELOSPERMA,DELOSPERMA,flowers_ornamental_plants,3301080000
732,DIANELLA,DIANELLA,flowers_ornamental_plants,3301080000
733,DIMORPHOTHECA,DIMORPHOTHECA,flowers_ornamental_plants,3301080000
734,DIOSMA,DIOSMA,flowers_ornamental_plants,3301080000
735,DODONAEA,DODONAEA,flowers_ornamental_plants,3301080000
736,DRACAENA,DRACAENA,flowers_ornamental_plants,3301080000
737,BOCA DE DRAGÓN,SNAPDRAGON,flowers_ornamental_plants,3301080000
738,DURANTA,DURANTA,flowers_ornamental_plants,3301080000
739,ECHIUM,ECHIUM,flowers_ornamental_plants,3301080000
740,EPIPREMNUM,EPIPREMNUM,flowers_ornamental_plants,3301080000
741,EREMOPHILA,EREMOPHILA,flowers_ornamental_plants,3301080000
742,ERIOSTEMON,ERIOSTEMON,flowers_ornamental_plants,3301080000
743,EUONYMUS,EUONYMUS,flowers_ornamental_plants,3301080000
744,EUPHORBIA,EUPHORBIA,flowers_ornamental_plants,3301080000
745,FARFUGIUM,FARFUGIUM,flowers_ornamental_plants,3301080000
746,FICUS,FICUS,flowers_ornamental_plants,3301080000
747,FLOR DE CERA,WAX FLOWER,flowers_ornamental_plants,3301080000
748,FLOR DE PAPEL,PAPER DAISY,flowers_ornamental_plants,3301080000
749,FUCHSIA,FUCHSIA,flowers_ornamental_plants,3301080000
750,SUPERFICIES VINCULADAS A LA DIRECTIVA 92/43/CEE,SURFACES LINKED TO DIRECTIVE 92/43/EEC,not_known_and_other,3399000000
751,GALVEZIA,GALVEZIA,flowers_ornamental_plants,3301080000
752,GARDENIA,GARDENIA,flowers_ornamental_plants,3301080000
753,GAURA,GAURA,flowers_ornamental_plants,3301080000
754,GAZANIA,GAZANIA,flowers_ornamental_plants,3301080000
755,GITANILLA,IVY-LEAVED GERANIUM,flowers_ornamental_plants,3301080000
756,HALIMIUM,HALIMIUM,flowers_ornamental_plants,3301080000
757,HEBE,HEBE,flowers_ornamental_plants,3301080000
758,HEDYCHIUM,HEDYCHIUM,flowers_ornamental_plants,3301080000
759,HORTENSIA,HYDRANGEA,flowers_ornamental_plants,3301080000
760,JACOBINIA,JACOBINIA,flowers_ornamental_plants,3301080000
761,JAZMIN ESTRELLADO,JASMINE,flowers_ornamental_plants,3301080000
762,JAZMIN CHINO,JASMINE,flowers_ornamental_plants,3301080000
763,KALANCHOE,KALANCHOE,flowers_ornamental_plants,3301080000
764,KENTIA,KENTIA,flowers_ornamental_plants,3301080000
765,LANTANA,LANTANA,flowers_ornamental_plants,3301080000
766,LEPTOSPERMUM,LEPTOSPERMUM,flowers_ornamental_plants,3301080000
767,LEWISIA,LEWISIA,flowers_ornamental_plants,3301080000
768,LIMONIASTRUM,LIMONIASTRUM,flowers_ornamental_plants,3301080000
769,FALSO JAZMÍN,FALSE JASMINE,flowers_ornamental_plants,3301080000
770,LOBELIA,LOBELIA,flowers_ornamental_plants,3301080000
771,LOBULARIA,LOBULARIA,flowers_ornamental_plants,3301080000
772,MAGNOLIA,MAGNOLIA,flowers_ornamental_plants,3301080000
773,MYRSINE,MYRSINE,flowers_ornamental_plants,3301080000
774,MYRTUS,MYRTUS,flowers_ornamental_plants,3301080000
775,MUEHLENBECKIA,MUEHLENBECKIA,flowers_ornamental_plants,3301080000
776,MUSA,MUSA,flowers_ornamental_plants,3301080000
777,NEPHROLEPIS,NEPHROLEPIS,flowers_ornamental_plants,3301080000
778,FEIJOA,FEIJOA,unspecified_orchards_fruits,3303019800
779,NERIUM,NERIUM,flowers_ornamental_plants,3301080000
780,PATA DE ELEFANTE,ELEPHANT FOOT (BEAUCARNEA),flowers_ornamental_plants,3301080000
781,OPERCULINA,OPERCULINA,flowers_ornamental_plants,3301080000
782,OZOTHAMNUS,OZOTHAMNUS,flowers_ornamental_plants,3301080000
783,PACHIRA,PACHIRA,flowers_ornamental_plants,3301080000
784,PAPIRO EGIPCIO,EGYPTIAN PAPYRUS,flowers_ornamental_plants,3301080000
785,PASSIFLORA,PASSIFLORA,flowers_ornamental_plants,3301080000
786,PELARGONIUM,PELARGONIUM,flowers_ornamental_plants,3301080000
787,PEROVSKIA,PEROVSKIA,flowers_ornamental_plants,3301080000
788,PETUNIA,PETUNIA,flowers_ornamental_plants,3301080000
789,PHILODENDRON,PHILODENDRON,flowers_ornamental_plants,3301080000
790,PIERIS,PIERIS,flowers_ornamental_plants,3301080000
791,PIMELEA,PIMELEA,flowers_ornamental_plants,3301080000
792,RHAPHIOLEPIS,RHAPHIOLEPIS,flowers_ornamental_plants,3301080000
793,PLUMBAGO,PLUMBAGO,flowers_ornamental_plants,3301080000
794,PLUMERIA,PLUMERIA,flowers_ornamental_plants,3301080000
795,POLÍGALA,POLYGALA,flowers_ornamental_plants,3301080000
796,PORTULACA,PORTULACA,flowers_ornamental_plants,3301080000
797,PHORMIUM,PHORMIUM,flowers_ornamental_plants,3301080000
798,PRÍMULA,PRIMROSE,flowers_ornamental_plants,3301080000
799,SIDA FALLAX,SIDA FALLAX,flowers_ornamental_plants,3301080000
800,FORESTACIONES VINCULADAS AL REGLAMENTO Nº 1305/2013,,afforestation_reforestation,3306010000
801,QUISQUALIS,QUISQUALIS,flowers_ornamental_plants,3301080000
802,RHAPIS,RHAPIS,flowers_ornamental_plants,3301080000
803,PALMA DE VIAJERO,TRAVELLER'S PALM,flowers_ornamental_plants,3301080000
804,RUSSELIA,RUSSELIA,flowers_ornamental_plants,3301080000
805,SANSEVIERIA,SANSEVIERIA,flowers_ornamental_plants,3301080000
806,SARCOPOTERIUM,SARCOPOTERIUM,flowers_ornamental_plants,3301080000
807,SCHEFFLERA,SCHEFFLERA,flowers_ornamental_plants,3301080000
808,SPATHIPHYLLUM,SPATHIPHYLLUM,flowers_ornamental_plants,3301080000
809,STEPHANOTIS,STEPHANOTIS,flowers_ornamental_plants,3301080000
810,STIPA,STIPA,flowers_ornamental_plants,3301080000
811,SYNGONIUM,SYNGONIUM,flowers_ornamental_plants,3301080000
812,TEUCRIUM,TEUCRIUM,flowers_ornamental_plants,3301080000
813,THUJA,THUJA,flowers_ornamental_plants,3301080000
814,TRACHELOSPERMUM,TRACHELOSPERMUM,flowers_ornamental_plants,3301080000
815,TULBAGHIA,TULBAGHIA,flowers_ornamental_plants,3301080000
816,VINCA,VINCA,flowers_ornamental_plants,3301080000
817,VITEX,VITEX,flowers_ornamental_plants,3301080000
818,VIBURNUM,VIBURNUM,flowers_ornamental_plants,3301080000
819,WESTRINGIA,WESTRINGIA,flowers_ornamental_plants,3301080000
820,YUCCA,YUCCA,flowers_ornamental_plants,3301080000
821,METROSIDEROS,POHUTUKAWA / METROSIDEROS,other_tree_wood_forest,3306990000
822,TSUGA,HEMLOCK,other_tree_wood_forest,3306990000
823,EPHEDRA,EPHEDRA,shrubberries_shrubs,3303080000
824,ÁRBOL DEL AMOR,JUDAS TREE,other_tree_wood_forest,3306990000
825,ACACIA DEL JAPÓN,JAPANESE PAGODA TREE,other_tree_wood_forest,3306990000
826,TIPUANA,TIPUANA,other_tree_wood_forest,3306990000
827,OSTRIA,HOP-HORNBEAM,other_tree_wood_forest,3306990000
828,PLATANUS,PLANE TREE,other_tree_wood_forest,3306990000
829,AESCULUS,HORSE CHESTNUT,other_tree_wood_forest,3306990000
830,LAUREL,LAUREL,other_tree_wood_forest,3306990000
831,GINKGO,GINKGO,other_tree_wood_forest,3306990000
832,BRAQUIQUITO,BOTTLE TREE,other_tree_wood_forest,3306990000
833,ÁRBOL DE LA LLAMA,FLAME TREE,other_tree_wood_forest,3306990000
834,GREVILLEA,GREVILLEA,other_tree_wood_forest,3306990000
835,CATALPA COMÚN,COMMON CATALPA,other_tree_wood_forest,3306990000
836,ÁRBOL PICA-PICA,STING TREE,other_tree_wood_forest,3306990000
837,OMBÚ,OMBÚ,other_tree_wood_forest,3306990000
838,CHAENOMELES,JAPANESE QUINCE,shrubberries_shrubs,3303080000
839,PYRACANTHA,FIRETHORN,shrubberries_shrubs,3303080000
840,COTONEASTER,COTONEASTER,shrubberries_shrubs,3303080000
841,AMELANCHIER,SERVICEBERRY,amelanchier_serviceberry,3303010100
842,ESPINO ALBAR,HAWTHORN,shrubberries_shrubs,3303080000
843,NÍSPERO EUROPEO,COMMON MEDLAR,unspecified_orchards_fruits,3303019800
844,ÁRBOL DEL PARAÍSO,RUSSIAN OLIVE,other_tree_wood_forest,3306990000
845,LIGUSTRUM,PRIVET,shrubberries_shrubs,3303080000
846,LILO,LILAC,shrubberries_shrubs,3303080000
847,LABIÉRNAGO,PHILLYREA,shrubberries_shrubs,3303080000
848,JASMINUM,JASMINE,shrubberries_shrubs,3303080000
849,CINAMOMO,CHINABERRY,other_tree_wood_forest,3306990000
850,OTRAS SUPERFICIES FORESTALES-VUELO,OTHER FOREST AREAS-FLIGHT,tree_wood_forest,3306000000
851,TAMARIX,TAMARISK,shrubberries_shrubs,3303080000
852,RHAMNUS,BUCKTHORN,shrubberries_shrubs,3303080000
853,HEDERA,IVY,flowers_ornamental_plants,3301080000
854,CORNICABRA,TURPENTINE TREE,other_tree_wood_forest,3306990000
855,ÁRBOL DE LAS PELUCAS,SMOKETREE,shrubberries_shrubs,3303080000
856,FALSO PIMENTERO,PERUVIAN PEPPER TREE,other_tree_wood_forest,3306990000
857,BUXUS,BOXWOOD,shrubberries_shrubs,3303080000
858,BOUGAINVILLEA,BOUGAINVILLEA,flowers_ornamental_plants,3301080000
859,CELINDA,MOCK ORANGE,shrubberries_shrubs,3303080000
860,HIBISCUS,HIBISCUS,flowers_ornamental_plants,3301080000
861,ERICA,HEATHER,shrubberries_shrubs,3303080000
862,GAYUBA,BEARBERRY,shrubberries_shrubs,3303080000
863,PARTHENOCISSUS,VIRGINIA CREEPER / CISSUS,flowers_ornamental_plants,3301080000
864,CISSUS,VIRGINIA CREEPER / CISSUS,flowers_ornamental_plants,3301080000
865,AGAVE,AGAVE,flowers_ornamental_plants,3301080000
866,GUANÁBANO,SOURSOP,unspecified_orchards_fruits,3303019800
867,ÁRBOL DE LA NUEZ DE MACADAMIA,MACADAMIA NUT,nuts,3303030000
868,HIERBA LIMÓN,LEMONGRASS,aromatic_medicinal_culinary_plants_spices_herbs,3301061200
869,CHAYOTE,CHAYOTE,pumpkin_squash_gourd,3301140400
870,ANGÉLICA,ANGELICA,aromatic_medicinal_culinary_plants_spices_herbs,3301061200
871,RUDA,RUE,aromatic_medicinal_culinary_plants_spices_herbs,3301061200
872,LEVÍSTICO,LOVAGE,aromatic_medicinal_culinary_plants_spices_herbs,3301061200
873,HELICHRYSUM,HELICHRYSUM,flowers_ornamental_plants,3301080000
874,CYCLAMEN,CYCLAMEN,flowers_ornamental_plants,3301080000
875,GLADIOLUS,GLADIOLUS,flowers_ornamental_plants,3301080000
876,HYACINTHUS,HYACINTHUS,flowers_ornamental_plants,3301080000
877,LIRIO ARAÑA,SPIDER LILY,flowers_ornamental_plants,3301080000
878,TULIPA,TULIPA,flowers_ornamental_plants,3301080000
879,NARCISSUS,NARCISSUS,flowers_ornamental_plants,3301080000
880,LILIUM,LILIUM,flowers_ornamental_plants,3301080000
881,VIOLA,VIOLA,flowers_ornamental_plants,3301080000
882,CHRYSANTHEMUM,CHRYSANTHEMUM,flowers_ornamental_plants,3301080000
883,AGERATUM,AGERATUM,flowers_ornamental_plants,3301080000
884,IMPATIENS,IMPATIENS,flowers_ornamental_plants,3301080000
885,LIRIO DE LOS VALLES,LILY OF THE VALLEY,flowers_ornamental_plants,3301080000
886,TAGETES,TAGETES,flowers_ornamental_plants,3301080000
887,CAPUCHINA,NASTURTIUM,flowers_ornamental_plants,3301080000
888,FICUS RABUDO,FICUS RUBIGINOSA,flowers_ornamental_plants,3301080000
889,FICUS BENJAMINA,WEEPING FIG,flowers_ornamental_plants,3301080000
890,HIGUERA CAUCHERA,RUBBER FIG,flowers_ornamental_plants,3301080000
891,FICUS DE HOJA DE VIOLÍN,FIDDLE-LEAF FIG,flowers_ornamental_plants,3301080000
892,HIGUERA DE BAHÍA MORETÓN,MORETON BAY FIG,flowers_ornamental_plants,3301080000
893,LAUREL DE INDIAS,LAUREL,other_tree_wood_forest,3306990000
894,HIGUERA HERRUMBROSA,RUSTY FIG,flowers_ornamental_plants,3301080000
895,CAMELIA JAPONESA,JAPANESE CAMELLIA,flowers_ornamental_plants,3301080000
896,CHEFLERA,SCHEFFLERA,flowers_ornamental_plants,3301080000
897,MIRTO,MYRTLE,flowers_ornamental_plants,3301080000
898,ADELFA,OLEANDER,flowers_ornamental_plants,3301080000
899,FLOR DE PASCUA,POINSETTIA,flowers_ornamental_plants,3301080000
900,SINAPIS ALBA,White Mustard,mustard,3301210100
901,BRASSICA CARINATA,Ethiopian rape/mustard,oilseed_crops,3301060800
902,BRASSICA JUNCEA,MUSTARD,mustard,3301210100
903,OTRAS CRUCIFERAS,Other cruciferae,brassicaceae_cruciferae,3301210000
904,CROTALARIA JUNCEA,Sunn Hemp,legumes_harvested_green,3301090300
905,PLATANERA,Banana,orchards_fruits,3303010000
906,PIÑA,PINEAPPLE,orchards_fruits,3303010000
907,AZUFAIFO,JUjube,orchards_fruits,3303010000
908,CARAMBOLO,Starfruit,orchards_fruits,3303010000
909,NASHI,NASHI,pears,3303011200
910,LITCHI,Lychee,orchards_fruits,3303010000
911,KUMQUAT,KUMQUAT,citrus_plantations,3303040000
912,LIMEQUAT,LIMEQUAT,citrus_plantations,3303040000
913,MANO DE BUDA,BUDDHA HAND,citrus_plantations,3303040000
914,CAVIAR CÍTRICO/ FINGER LIME,CITRUS CAVIAR/ FINGER LIME,citrus_plantations,3303040000
915,LIMA,Lime,citrus_plantations,3303040000
916,KALE,KALE,kale,3301210208
918,ARGÁN,Argan,tree_wood_forest,3306000000
919,PITAYA,Dragonfruit,orchards_fruits,3303010000
920,LONGAN,LONGAN,orchards_fruits,3303010000
921,MANGOSTÁN,MANGOSTEEN,orchards_fruits,3303010000
922,RAMBUTÁN,RAMBUTAN,orchards_fruits,3303010000
923,GUAYABO,Guava,orchards_fruits,3303010000
924,ZAPOTE,Sapote,orchards_fruits,3303010000
925,ALFICOZ,Armenian cucumber,cucurbits,3301140000
926,BATATA,SWEET POTATO,sweet_potatoes,3301040000
927,OKRA,OKRA,plants_harvested_green,3301090000
928,PHYSALIS,PHYSALIS,berries_berry_species,3303020000
929,RÚCULA,ARUGULA,rocket_arugula,3301310600
930,SALICORNIA,Glassworts,not_known_and_other,3399000000
931,ESQUEJES,CUTTINGS,nurseries_nursery,3303070000
932,PLANTAS ORNAMENTALES,ORNAMENTAL PLANTS,flowers_ornamental_plants,3301080000
933,ÑAME,YAM,root_vegetables,3301290000
934,OTROS CEREALES,OTHER CEREALS,other_cereals,3301019900
935,OTRAS FORRAJERAS,OTHER FORAGE,not_known_and_other,3399000000
936,TAGASASTE,Tree Lucerne,legumes_from_trees,3303110000
937,CUERNECILLO ,Birds foot trefoil,other_flowers_ornamental_plants,3301089900
938,FRESÓN,STRAWBERRY,strawberries,3301130000
939,ALMENDRO-OLIVAR,ALMOND-OLIVE,almond,3303030100
940,NARANJO.CAQUI,ORANGE.KAKI,citrus_plantations,3303040000
941,NARANJO-MANDARINO,ORANGE-MANDARIN,citrus_plantations,3303040000
942,NÍSPERO-CAQUI,MEDLAR-KAKI,medlar_loquat,3303010800
943,PALMERA DATILERA,DATE PALM,other_tree_wood_forest,3306990000
944,MARACUYÁ o FRUTO DE LA PASIÓN,PASSION FRUIT,orchards_fruits,3303010000
945,MEZCLA AVENA-HABA,OAT-BEAN MIXTURE,oats,3301010500
946,MEZCLA AVENA-CEBADA-VEZA,OATS-BARLEY-Vetches MIXTURE,oats,3301010500
947,JOJOBA,JOJOBA,shrubberries_shrubs,3303080000
948,CLEMENTINA-CAQUI,CLEMENTINE-KAKI,citrus_plantations,3303040000
949,SATSUMA-CAQUI,SATSUMA-KHAKI,citrus_plantations,3303040000
950,Cúrcuma,TURMERIC,aromatic_medicinal_culinary_plants_spices_herbs,3301061200
951,Jengibre,GINGER,aromatic_medicinal_culinary_plants_spices_herbs,3301061200
952,Col Picuda,POINTED CABBAGE,white_cabbage,3301210212
953,MEZCLA PRATENSES CON PREDOMINANCIA CULTIVOS FIJADORES NITROGENO,MEADOW MIXTURE WITH PREDOMINANT NITROGEN-FIXING CROPS,legumes_harvested_green,3301090300
954,MEZCLA VEZA-GUISANTE-TRÉBOL,VETCH-PEA-CLOVER MIXTURE,vetches,3301090305
955,YUZU,YUZU,unspecified_orchards_fruits,3303019800
956,MEZCLA TRITICALE-GUISANTE,TRITICALE-PEA MIXTURE,other_arable_land_crops,3301990000
957,JUDÍA MUNGO,MUNG BEAN,legumes_dried_pulses_protein_crops,3301020000
958,MEZCLA TRITICALE-CEBADA,TRITICALE-BARLEY MIXTURE,other_arable_land_crops,3301990000
959,MEZCLA RAYGRASS,RYEGRASS MIXTURE,lolium_ryegrass,3301090205
960,JAZMÍN DEL CABO,JASMINE,flowers_ornamental_plants,3301080000
961,AJO PUERRO,ELEPHANT GARLIC,garlic,3301220200
962,HERNIARIA,RUPTUREWORT,other_plants_harvested_green,3301099900
963,CALABAZA SERPIENTE,PUMPKIN / SQUASH / GOURD,pumpkin_squash_gourd,3301140400
964,GUAYULE,GUAYULE,other_industrial_crops,3301069900
965,CEREZO JAPONÉS,JAPANESE CHERRY,cherry_cherries,3303010400
966,CIRUELO MIROBÁLANO,CHERRY PLUM,plums,3303011300
967,ALMENDRO DE FLOR,FLOWERING ALMOND,nuts,3303030000
968,CEREZO RASTRERO,GROUND CHERRY,cherry_cherries,3303010400
969,CEREZO ALISO,BIRD CHERRY,cherry_cherries,3303010400
970,LAUREL CEREZO,CHERRY LAUREL,cherry_cherries,3303010400
971,LAUREL DE PORTUGAL,PORTUGUESE LAUREL,shrubberries_shrubs,3303080000
972,MANZANO SILVESTRE JAPONÉS,JAPANESE CRABAPPLE,apples,3303010200
973,MANZANO ROJO,RED CRABAPPLE,apples,3303010200
974,MANZANO SILVESTRE AMERICANO,AMERICAN CRABAPPLE,apples,3303010200
975,MANZANO SILVESTRE CHINO,CHINESE CRABAPPLE,apples,3303010200
976,MANZANO DE ADORNO,ORNAMENTAL CRABAPPLE,apples,3303010200
977,MANZANO SILVESTRE,WILD CRABAPPLE,apples,3303010200
978,PERAL SILVESTRE,WILD PEAR,pears,3303011200
979,PIRUÉTANO,WILD PEAR (PIRUÉTANO),pears,3303011200
980,PERAL DE CALLERY,CALLERY PEAR,pears,3303011200
981,PERAL DE HOJAS DE SAUCE,WILLOW-LEAF PEAR,pears,3303011200
982,PERAL DE REGEL,REGEL PEAR,pears,3303011200
983,FALSA ACACIA,BLACK LOCUST,other_tree_wood_forest,3306990000
984,JACARANDÁ AZUL,JACARANDA,other_tree_wood_forest,3306990000
985,HIERBA SALADA,SEEPWEED,other_plants_harvested_green,3301099900
986,VARA DE ORO EUROPEA,EUROPEAN GOLDENROD,flowers_ornamental_plants,3301080000
987,ESPONJA VEGETAL,LUFFA / LOOFAH,pumpkin_squash_gourd,3301140400
